"X","e","Y"
0.001,-0.326001967621664,1.67899803237834
0.002,1.203441471221,3.213441471221
0.003,0.0910326811165665,2.10603268111657
0.004,-1.87786070124716,0.142139298752841
0.005,1.56507800376989,3.59007800376989
0.006,-0.896453477559768,1.13354652244023
0.007,0.536402832366231,2.57140283236623
0.008,1.10193402338447,3.14193402338447
0.009,-1.6773136561363,0.367686343863702
0.01,-0.586309649544503,1.4636903504555
0.011,1.21553555109227,3.27053555109227
0.012,-0.301567630972267,1.75843236902773
0.013,-1.51267593029909,0.55232406970091
0.014,-2.06781971720359,0.00218028279640992
0.015,0.0707128228034716,2.14571282280347
0.016,-0.613714043109059,1.46628595689094
0.017,-0.772638684749702,1.3123613152503
0.018,1.28886663371804,3.37886663371804
0.019,0.77050412750239,2.86550412750239
0.02,0.916475009987964,3.01647500998796
0.021,1.78750240885217,3.89250240885217
0.022,0.986988452079567,3.09698845207957
0.023,1.25238630870055,3.36738630870055
0.024,0.811077921856857,2.93107792185686
0.025,0.43866761496909,2.56366761496909
0.026,-1.34017814710934,0.789821852890657
0.027,1.53263506375785,3.66763506375785
0.028,0.91645265703335,3.05645265703335
0.029,-1.35836664388809,0.786633356111912
0.03,0.272460742839889,2.42246074283989
0.031,-0.996149686924309,1.15885031307569
0.032,0.13276231383433,2.29276231383433
0.033,-0.376285682380695,1.7887143176193
0.034,-0.265611318187852,1.90438868181215
0.035,0.853274583176503,3.0282745831765
0.036,0.219796326790328,2.39979632679033
0.037,1.01315089039408,3.19815089039408
0.038,0.276002893404632,2.46600289340463
0.039,0.530101597674911,2.72510159767491
0.04,-1.89224826346172,0.30775173653828
0.041,-1.10196478126731,1.10303521873269
0.042,-0.241774548195083,1.96822545180492
0.043,0.0393404443547112,2.25434044435471
0.044,-0.713196412795096,1.5068035872049
0.045,1.04355007505996,3.26855007505996
0.046,0.303867013369414,2.53386701336941
0.047,-1.47098331745848,0.764016682541524
0.048,1.52254150597337,3.76254150597337
0.049,0.424889306391022,2.66988930639102
0.05,-0.121585829436439,2.12841417056356
0.051,-0.527644980722271,1.72735501927773
0.052,0.519677815643319,2.77967781564332
0.053,1.61782190239595,3.88282190239595
0.054,1.66086486823967,3.93086486823967
0.055,2.04294483540948,4.31794483540948
0.056,-0.716986395312341,1.56301360468766
0.057,1.00918741836802,3.29418741836802
0.058,0.501056258309973,2.79105625830997
0.059,0.335737805828831,2.63073780582883
0.06,-0.730194735128631,1.56980526487137
0.061,-0.101649251587632,2.20335074841237
0.062,0.946648828987626,3.25664882898763
0.063,0.211360333139042,2.52636033313904
0.064,1.70358931241722,4.02358931241722
0.065,-0.627177072964594,1.69782292703541
0.066,-0.595845131177658,1.73415486882234
0.067,-0.747925594471931,1.58707440552807
0.068,-2.69626036328263,-0.356260363282632
0.069,-0.372572314569517,1.97242768543048
0.07,1.16533753956092,3.51533753956092
0.071,0.0419448221630865,2.39694482216309
0.072,0.470806208057508,2.83080620805751
0.073,0.954829595714296,3.3198295957143
0.074,0.34001583872749,2.71001583872749
0.075,-1.97535534412678,0.399644655873216
0.076,-0.429052815872294,1.95094718412771
0.077,-0.234857280229575,2.15014271977042
0.078,0.188908455118232,2.57890845511823
0.079,-0.887369327364348,1.50763067263565
0.08,0.440701598018659,2.84070159801866
0.081,-0.523806763413576,1.88119323658642
0.082,-1.32774785529449,1.08225214470551
0.083,-0.628808334913414,1.78619166508659
0.084,0.517866555801646,2.93786655580165
0.085,0.107610850254559,2.53261085025456
0.086,-0.196401567753131,2.23359843224687
0.087,-1.22357759208891,1.21142240791109
0.088,1.9265825237707,4.3665825237707
0.089,0.731419275475677,3.17641927547568
0.09,0.198077494192849,2.64807749419285
0.091,0.751674405630751,3.20667440563075
0.092,-0.0421933285303887,2.41780667146961
0.093,-0.769702005249276,1.69529799475072
0.094,-2.66102746836365,-0.191027468363655
0.095,1.85373441353054,4.32873441353054
0.096,0.942132201872645,3.42213220187264
0.097,0.502986917608156,2.98798691760816
0.098,-0.269190452581826,2.22080954741817
0.099,-0.327998123119712,2.16700187688029
0.1,-0.353216388564322,2.14678361143568
0.101,-0.456607475695483,2.04839252430452
0.102,-0.0499297112971967,2.4600702887028
0.103,-1.81991418737561,0.695085812624394
0.104,-1.35418346324114,1.16581653675886
0.105,0.654584724356926,3.17958472435693
0.106,-0.836235152541592,1.69376484745841
0.107,-0.564031189678837,1.97096881032116
0.108,-1.64120710713341,0.898792892866591
0.109,-0.15935117590276,2.38564882409724
0.11,-0.275900437428198,2.2740995625718
0.111,-0.670042378835193,1.88495762116481
0.112,-0.731851555362639,1.82814844463736
0.113,2.29441320904644,4.85941320904644
0.114,-0.858797870806608,1.71120212919339
0.115,0.104324607539634,2.67932460753963
0.116,-1.32133855044439,1.25866144955561
0.117,-0.0359009275631186,2.54909907243688
0.118,-1.34087069601249,1.24912930398751
0.119,-0.0704862069134439,2.52451379308656
0.12,-0.9053856432158,1.6946143567842
0.121,-0.150521824326547,2.45447817567345
0.122,-0.493971148676305,2.1160288513237
0.123,-1.00630464674815,1.60869535325185
0.124,-1.51453676795628,1.10546323204372
0.125,1.47633655255863,4.10133655255863
0.126,0.368330507764652,2.99833050776465
0.127,1.13591369973951,3.77091369973951
0.128,0.290876579363593,2.93087657936359
0.129,-0.40735719956238,2.23764280043762
0.13,-0.00986914480511319,2.64013085519489
0.131,0.371355054987605,3.02635505498761
0.132,1.46674798244004,4.12674798244004
0.133,0.116323598306344,2.78132359830634
0.134,-2.73783120688523,-0.0678312068852325
0.135,-1.28562593790615,1.38937406209385
0.136,1.65685387706165,4.33685387706165
0.137,-0.208736743361415,2.47626325663859
0.138,-0.175051976286365,2.51494802371363
0.139,-1.40612853121444,1.28887146878556
0.14,-0.101255100840621,2.59874489915938
0.141,-1.04831271027506,1.65668728972494
0.142,0.696929346488714,3.40692934648871
0.143,-0.0398678183850341,2.67513218161497
0.144,-0.287134304509902,2.4328656954901
0.145,1.79297937204855,4.51797937204855
0.146,0.411986400807259,3.14198640080726
0.147,0.701093907007747,3.43609390700775
0.148,-1.07310205988852,1.66689794011148
0.149,0.630893652932829,3.37589365293283
0.15,-1.26179247842343,1.48820752157657
0.151,0.976369672171986,3.73136967217199
0.152,0.430057563126103,3.1900575631261
0.153,0.48023693810697,3.24523693810697
0.154,-0.321711407986298,2.4482885920137
0.155,0.988329292889715,3.76332929288971
0.156,0.378545710917389,3.15854571091739
0.157,-0.126078269405168,2.65892173059483
0.158,0.491541900316888,3.28154190031689
0.159,1.39142988942945,4.18642988942945
0.16,-0.81303500716002,1.98696499283998
0.161,0.587336735040076,3.39233673504008
0.162,-0.346003130818795,2.46399686918121
0.163,0.367444146682029,3.18244414668203
0.164,-1.94610743864056,0.873892561359437
0.165,-1.30700836745424,1.51799163254576
0.166,0.570661641159025,3.40066164115903
0.167,-1.37965019351338,1.45534980648662
0.168,-0.208965218011857,2.63103478198814
0.169,2.00637170483594,4.85137170483594
0.17,1.76639881225202,4.61639881225202
0.171,0.104599780038783,2.95959978003878
0.172,0.806992026730379,3.66699202673038
0.173,0.710121801151759,3.57512180115176
0.174,-0.182940299385527,2.68705970061447
0.175,-0.969447810651951,1.90555218934805
0.176,1.86797760650586,4.74797760650586
0.177,-0.151356801197483,2.73364319880252
0.178,1.10520447424952,3.99520447424952
0.179,0.577936466346802,3.4729364663468
0.18,-3.02959605079688,-0.129596050796879
0.181,1.78127447267087,4.68627447267087
0.182,0.0417771349519361,2.95177713495194
0.183,-2.43426609713461,0.480733902865393
0.184,-0.575806818687662,2.34419318131234
0.185,0.374373114647463,3.29937311464746
0.186,-0.110408684417885,2.81959131558211
0.187,-0.305231503092975,2.62976849690703
0.188,0.513126190338078,3.45312619033808
0.189,-1.63442192158213,1.31057807841787
0.19,2.71080687055116,5.66080687055116
0.191,-1.13909428051812,1.81590571948188
0.192,0.0675242812163387,3.02752428121634
0.193,-1.60782037146086,1.35717962853914
0.194,0.972064303872913,3.94206430387291
0.195,-0.212028958714866,2.76297104128513
0.196,0.990120438152833,3.97012043815283
0.197,-0.92113263571321,2.06386736428679
0.198,-0.775646069219406,2.21435393078059
0.199,0.850420699922237,3.84542069992224
0.2,0.683931690375834,3.68393169037583
0.201,0.901952284950286,3.90695228495029
0.202,-0.357427410159954,2.65257258984005
0.203,0.0134100252636471,3.02841002526365
0.204,0.855256100458034,3.87525610045803
0.205,-0.169789634791138,2.85521036520886
0.206,0.33274138182352,3.36274138182352
0.207,0.169137033226154,3.20413703322615
0.208,0.258278012433054,3.29827801243305
0.209,-1.54045129474305,1.50454870525695
0.21,0.529909648578119,3.57990964857812
0.211,-1.08050845769494,1.97449154230506
0.212,0.0251920942648403,3.08519209426484
0.213,-0.514203299292036,2.55079670070796
0.214,-0.578995576633983,2.49100442336602
0.215,0.300983580259499,3.3759835802595
0.216,-0.934794304798427,2.14520569520157
0.217,0.177262943193626,3.26226294319363
0.218,-0.251789886065672,2.83821011393433
0.219,0.560303179342219,3.65530317934222
0.22,-0.639245995006893,2.46075400499311
0.221,-0.416154029578326,2.68884597042167
0.222,0.393288608397619,3.50328860839762
0.223,0.588269963986821,3.70326996398682
0.224,1.2763782750967,4.3963782750967
0.225,0.146635021005285,3.27163502100528
0.226,0.111121528385377,3.24112152838538
0.227,1.1999724901091,4.3349724901091
0.228,0.512399123756105,3.65239912375611
0.229,-0.379519405450495,2.7654805945495
0.23,-1.4962960924059,1.65370390759411
0.231,-0.298824811703446,2.85617518829655
0.232,1.11420782183368,4.27420782183368
0.233,-0.883288575482026,2.28171142451797
0.234,1.24698137763251,4.41698137763251
0.235,-1.30918803183881,1.86581196816119
0.236,-0.570158904731403,2.6098410952686
0.237,-1.37147180188404,1.81352819811596
0.238,-0.457819060026741,2.73218093997326
0.239,0.323188527146655,3.51818852714666
0.24,-0.0703695560027271,3.12963044399727
0.241,-0.101453215772282,3.10354678422772
0.242,-0.0262238003540469,3.18377619964595
0.243,0.372126959273592,3.58712695927359
0.244,0.354653694641247,3.57465369464125
0.245,0.319154019795686,3.54415401979569
0.246,-0.729602147179128,2.50039785282087
0.247,1.39250304261562,4.62750304261562
0.248,-0.52237232743788,2.71762767256212
0.249,0.286734494061178,3.53173449406118
0.25,0.501366649677112,3.75136664967711
0.251,-1.20240474971096,2.05259525028904
0.252,0.973377466190373,4.23337746619037
0.253,-0.833104499873661,2.43189550012634
0.254,0.557083585879876,3.82708358587988
0.255,-1.18571075614643,2.08928924385357
0.256,1.49249283114236,4.77249283114236
0.257,-0.55186865838353,2.73313134161647
0.258,0.609213158377529,3.89921315837753
0.259,-0.250061883886326,3.04493811611367
0.26,-1.35789631371462,1.94210368628538
0.261,-0.965742879304899,2.3392571206951
0.262,0.765435097751001,4.075435097751
0.263,0.0873316395146446,3.40233163951464
0.264,-0.0821760015556408,3.23782399844436
0.265,0.979147004537468,4.30414700453747
0.266,0.056963091887515,3.38696309188752
0.267,0.196315063153309,3.53131506315331
0.268,2.01874960892863,5.35874960892863
0.269,-0.557691412583546,2.78730858741645
0.27,-1.33646412689298,2.01353587310702
0.271,-1.17420861514447,2.18079138485553
0.272,1.18386489039857,4.54386489039857
0.273,0.728879124234703,4.0938791242347
0.274,1.1737413408073,4.5437413408073
0.275,-1.0157755832013,2.3592244167987
0.276,1.95636916292911,5.33636916292911
0.277,-0.123204962665789,3.26179503733421
0.278,0.759702209756055,4.14970220975605
0.279,-0.120590406486207,3.27440959351379
0.28,1.75182529593038,5.15182529593038
0.281,0.146168485958656,3.55116848595866
0.282,0.965365385460421,4.37536538546042
0.283,-0.558741463105932,2.85625853689407
0.284,-0.896768969384169,2.52323103061583
0.285,-0.165198411239236,3.25980158876076
0.286,1.06164313435593,4.49164313435593
0.287,-1.01686116385586,2.41813883614414
0.288,-0.423960035614371,3.01603996438563
0.289,-0.65282874616731,2.79217125383269
0.29,-0.439834592605796,3.0101654073942
0.291,-0.186003604617318,3.26899639538268
0.292,0.467357508022963,3.92735750802296
0.293,0.0961563192703483,3.56115631927035
0.294,1.22574577959584,4.69574577959584
0.295,-0.222025482975778,3.25297451702422
0.296,-0.332347372883452,3.14765262711655
0.297,0.568162175732574,4.05316217573257
0.298,1.46716836696454,4.95716836696454
0.299,1.24211530558809,4.73711530558809
0.3,0.568917074324092,4.06891707432409
0.301,0.871628948788603,4.3766289487886
0.302,-0.993929249052705,2.5160707509473
0.303,1.57892250307552,5.09392250307552
0.304,-0.187877586807677,3.33212241319232
0.305,-0.533108624944965,2.99189137505503
0.306,0.244267772019338,3.77426777201934
0.307,1.4822446471661,5.0172446471661
0.308,-0.102967390467972,3.43703260953203
0.309,1.15544129947368,4.70044129947368
0.31,-0.100909098887446,3.44909090111255
0.311,0.544480145464446,4.09948014546445
0.312,0.406290953079869,3.96629095307987
0.313,-0.571295118263162,2.99370488173684
0.314,-0.476161025837879,3.09383897416212
0.315,-1.40819406714238,2.16680593285762
0.316,0.466783651859888,4.04678365185989
0.317,-0.267212304649852,3.31778769535015
0.318,-1.38391572488505,2.20608427511495
0.319,-0.00465651370750412,3.5903434862925
0.32,-1.55682910636957,2.04317089363043
0.321,0.741955664187908,4.34695566418791
0.322,-0.869669599084986,2.74033040091501
0.323,-0.890573381709145,2.72442661829085
0.324,0.687913685556664,4.30791368555666
0.325,-0.587140922260057,3.03785907773994
0.326,2.11068113528278,5.74068113528278
0.327,0.245015850045629,3.88001585004563
0.328,-0.476987897071989,3.16301210292801
0.329,-0.944586251333263,2.70041374866674
0.33,-0.445467020975954,3.20453297902405
0.331,-0.256279096583163,3.39872090341684
0.332,-1.25695600783463,2.40304399216537
0.333,-1.13957053287015,2.52542946712985
0.334,0.060270382427351,3.73027038242735
0.335,-0.406477624441777,3.26852237555822
0.336,-0.223100572439617,3.45689942756038
0.337,-0.455162083986678,3.22983791601332
0.338,1.32926482739553,5.01926482739553
0.339,-0.75175037749886,2.94324962250114
0.34,0.0898268799364999,3.7898268799365
0.341,1.36550319135696,5.07050319135696
0.342,1.17937610726989,4.88937610726989
0.343,0.158262776893748,3.87326277689375
0.344,-1.3260713013169,2.3939286986831
0.345,0.343894861653852,4.06889486165385
0.346,-1.60666714734932,2.12333285265069
0.347,-1.07317094758872,2.66182905241128
0.348,-0.619346384070193,3.12065361592981
0.349,1.6464098340391,5.3914098340391
0.35,0.739372774678542,4.48937277467854
0.351,-0.277059684864729,3.47794031513527
0.352,0.633186643652397,4.3931866436524
0.353,-1.51541735289868,2.24958264710132
0.354,-0.129882309209558,3.64011769079044
0.355,-0.734789964438273,3.04021003556173
0.356,0.305918054234463,4.08591805423446
0.357,-0.664443142529691,3.12055685747031
0.358,0.270710067359079,4.06071006735908
0.359,0.525570726764719,4.32057072676472
0.36,0.78663333975113,4.58663333975113
0.361,-1.1906633322745,2.6143366677255
0.362,-1.14732590954468,2.66267409045532
0.363,2.57948261892248,6.39448261892248
0.364,2.80260441577356,6.62260441577356
0.365,-0.153570751144916,3.67142924885508
0.366,0.521844701736465,4.35184470173647
0.367,0.673123605254491,4.50812360525449
0.368,0.507168593070305,4.3471685930703
0.369,1.63018017433846,5.47518017433846
0.37,-0.642565346472614,3.20743465352739
0.371,-0.409860089204751,3.44513991079525
0.372,-2.44991804781864,1.41008195218136
0.373,0.49323230972794,4.35823230972794
0.374,-0.261927551985556,3.60807244801444
0.375,1.59022097088152,5.46522097088152
0.376,-0.954139869598988,2.92586013040101
0.377,-0.0320863922552253,3.85291360774477
0.378,-0.739880109779991,3.15011989022001
0.379,-0.374901852902262,3.52009814709774
0.38,-1.52535420345303,2.37464579654697
0.381,-1.71319418866509,2.19180581133491
0.382,1.00784366775878,4.91784366775878
0.383,-0.191361766162986,3.72363823383701
0.384,0.212434086492646,4.13243408649265
0.385,-1.55517624861975,2.36982375138025
0.386,1.4909802574506,5.4209802574506
0.387,0.440183986665137,4.37518398666514
0.388,-0.124659836857733,3.81534016314227
0.389,1.17656380527897,5.12156380527897
0.39,-1.10604839384104,2.84395160615896
0.391,-1.95173742820879,2.00326257179121
0.392,-0.243181435780529,3.71681856421947
0.393,-0.156110949421346,3.80888905057865
0.394,0.919386455958264,4.88938645595826
0.395,0.156031837684887,4.13103183768489
0.396,0.421174976611125,4.40117497661112
0.397,0.372096722007406,4.35709672200741
0.398,0.673468211950761,4.66346821195076
0.399,0.347691426018585,4.34269142601858
0.4,0.283251105192624,4.28325110519262
0.401,-1.85559809312923,2.14940190687077
0.402,-0.754654983260435,3.25534501673957
0.403,1.4893045104976,5.5043045104976
0.404,-1.39565684985646,2.62434315014354
0.405,-1.11184818687523,2.91315181312477
0.406,-1.57791004832707,2.45208995167293
0.407,1.04248406525466,5.07748406525466
0.408,-1.01270820728581,3.02729179271419
0.409,1.04303013821698,5.08803013821698
0.41,0.939036761463058,4.98903676146306
0.411,-0.192003037446131,3.86299696255387
0.412,-0.637464713611007,3.42253528638899
0.413,-0.606763751478847,3.45823624852115
0.414,-0.0608972771272796,4.00910272287272
0.415,-0.870103609517584,3.20489639048242
0.416,-0.206889009663289,3.87311099033671
0.417,1.72805827490219,5.81305827490219
0.418,0.463652210665743,4.55365221066574
0.419,-0.126684059563513,3.96831594043649
0.42,-0.758709576919921,3.34129042308008
0.421,-1.17611574163745,2.92888425836255
0.422,0.471155997229055,4.58115599722905
0.423,-0.0831755408082049,4.0318244591918
0.424,0.26934212127815,4.38934212127815
0.425,-1.79814824790201,2.32685175209799
0.426,-1.06495159534851,3.06504840465149
0.427,1.32482863635228,5.45982863635228
0.428,-0.497401165219015,3.64259883478099
0.429,1.33856346938381,5.48356346938381
0.43,-0.228112496946509,3.92188750305349
0.431,-0.145937847016207,4.00906215298379
0.432,0.49048032859015,4.65048032859015
0.433,-0.606429901710178,3.55857009828982
0.434,-1.9060150450484,2.2639849549516
0.435,-0.855052553111907,3.31994744688809
0.436,-1.38917601695849,2.79082398304151
0.437,0.150213495084057,4.33521349508406
0.438,-0.309320663435572,3.88067933656443
0.439,-0.664766033207929,3.53023396679207
0.44,1.14420394623539,5.34420394623539
0.441,-0.0462394042230667,4.15876059577693
0.442,1.26965536368068,5.47965536368068
0.443,-0.932210178262847,3.28278982173715
0.444,0.0191704864368262,4.23917048643683
0.445,0.392819173928129,4.61781917392813
0.446,-1.42027063935752,2.80972936064248
0.447,0.35725333723578,4.59225333723578
0.448,-0.702934871398898,3.5370651286011
0.449,0.659668516967831,4.90466851696783
0.45,1.08326822430909,5.33326822430909
0.451,-1.11618181709984,3.13881818290016
0.452,-0.0396158136582855,4.22038418634171
0.453,-0.248197809564792,4.01680219043521
0.454,0.856280377628257,5.12628037762826
0.455,0.419352432024218,4.69435243202422
0.456,0.286251207870064,4.56625120787006
0.457,-0.830790833790672,3.45420916620933
0.458,0.510548693661667,4.80054869366167
0.459,-0.646704971699865,3.64829502830013
0.46,0.389074623285368,4.68907462328537
0.461,-0.438182659030453,3.86681734096955
0.462,1.2144991481129,5.5244991481129
0.463,0.684443555817702,4.9994435558177
0.464,1.72972038844376,6.04972038844376
0.465,1.01809480198277,5.34309480198277
0.466,-0.258049000489378,4.07195099951062
0.467,0.725450632018214,5.06045063201821
0.468,0.642184434236508,4.98218443423651
0.469,0.396645277632584,4.74164527763259
0.47,0.398415003279598,4.7484150032796
0.471,-0.362936933454636,3.99206306654536
0.472,-0.2254374695029,4.1345625304971
0.473,0.0565093479580713,4.42150934795807
0.474,1.02170503056523,5.39170503056523
0.475,2.81477643322459,7.18977643322459
0.476,-0.563299357168845,3.81670064283116
0.477,-0.717857251791199,3.6671427482088
0.478,-0.252522207874255,4.13747779212575
0.479,0.609758328275041,5.00475832827504
0.48,-0.258080198620105,4.1419198013799
0.481,0.141148108671507,4.54614810867151
0.482,0.093672805027095,4.5036728050271
0.483,0.62368230596375,5.03868230596375
0.484,-0.531498664710068,3.88850133528993
0.485,-0.257247062924614,4.16775293707539
0.486,0.0014681472760643,4.43146814727606
0.487,-0.122529736319127,4.31247026368087
0.488,-1.11204105617487,3.32795894382513
0.489,-1.10766117579134,3.33733882420866
0.49,-0.214643791640298,4.2353562083597
0.491,0.961605879500279,5.41660587950028
0.492,0.0871564473123716,4.54715644731237
0.493,-0.271273840816675,4.19372615918333
0.494,1.45592866875691,5.9259286687569
0.495,-0.142363859709384,4.33263614029062
0.496,-2.41176122085085,2.06823877914915
0.497,0.961957800389573,5.44695780038957
0.498,0.826054262160238,5.31605426216024
0.499,-1.54501687710155,2.94998312289845
0.5,-0.424628740857602,4.0753712591424
0.501,-1.17411548630956,3.33088451369044
0.502,0.303225350257778,4.81322535025778
0.503,1.56822474683702,6.08322474683702
0.504,2.01952800905783,6.53952800905783
0.505,0.950439725114594,5.47543972511459
0.506,2.28709685014188,6.81709685014188
0.507,0.409150621399262,4.94415062139926
0.508,0.471362503663409,5.01136250366341
0.509,0.474578040442502,5.0195780404425
0.51,-0.939758586686294,3.61024141331371
0.511,-0.19147954698647,4.36352045301353
0.512,-0.229766037131909,4.33023396286809
0.513,1.72087853768674,6.28587853768674
0.514,-0.847166531793354,3.72283346820665
0.515,-0.348206050294422,4.22679394970558
0.516,-1.18584852214984,3.39415147785016
0.517,-0.680165504555251,3.90483449544475
0.518,-0.986322945881584,3.60367705411842
0.519,0.0781064167006196,4.67310641670062
0.52,-1.13105259855529,3.46894740144471
0.521,-0.620052781978927,3.98494721802107
0.522,-0.25304643136415,4.35695356863585
0.523,1.33274154131496,5.94774154131496
0.524,1.11037211579138,5.73037211579138
0.525,-1.38395247499433,3.24104752500567
0.526,-0.310353969575677,4.31964603042432
0.527,-0.474736785233499,4.1602632147665
0.528,-1.10282341533623,3.53717658466377
0.529,-1.44299936669742,3.20200063330258
0.53,-2.43333661321743,2.21666338678257
0.531,0.576749373275694,5.23174937327569
0.532,0.639609135586838,5.29960913558684
0.533,-0.849429831672946,3.81557016832705
0.534,-1.55181923287426,3.11818076712574
0.535,0.84444994523022,5.51944994523022
0.536,0.00522856175027857,4.68522856175028
0.537,-1.01504551557558,3.66995448442442
0.538,0.99619409370664,5.68619409370664
0.539,-1.94199034023621,2.75300965976379
0.54,1.8439213204483,6.5439213204483
0.541,0.486641470657349,5.19164147065735
0.542,0.524035078607655,5.23403507860766
0.543,-0.586950229795809,4.12804977020419
0.544,-0.59245865004548,4.12754134995452
0.545,-0.391509859564913,4.33349014043509
0.546,1.1432821891537,5.8732821891537
0.547,1.95298024232059,6.68798024232059
0.548,0.302877296898694,5.04287729689869
0.549,-0.0964549280386715,4.64854507196133
0.55,-0.667685525533687,4.08231447446631
0.551,0.789123600594213,5.54412360059421
0.552,0.766238972446664,5.52623897244666
0.553,-0.591671658124268,4.17332834187573
0.554,0.406212772389837,5.17621277238984
0.555,-1.34760436546081,3.42739563453919
0.556,0.467755632364787,5.24775563236479
0.557,-2.44099108353907,2.34400891646093
0.558,0.301331897878555,5.09133189787856
0.559,-0.93466446857228,3.86033553142772
0.56,-1.49530672493556,3.30469327506444
0.561,0.724932953485931,5.52993295348593
0.562,0.99552942539465,5.80552942539465
0.563,1.5918653384774,6.4068653384774
0.564,-0.276442287128829,4.54355771287117
0.565,-0.935167229517688,3.88983277048231
0.566,-1.0079854863974,3.8220145136026
0.567,-0.761544343363382,4.07345565663662
0.568,-0.302643860181842,4.53735613981816
0.569,-1.13262793194409,3.71237206805591
0.57,0.479180245046149,5.32918024504615
0.571,-0.44490060078581,4.41009939921419
0.572,-0.714441543106597,4.1455584568934
0.573,0.625465308985611,5.49046530898561
0.574,-2.29899514782491,2.57100485217509
0.575,0.222746344457815,5.09774634445782
0.576,-0.0381985145896698,4.84180148541033
0.577,0.0459430751280579,4.93094307512806
0.578,1.19156858867222,6.08156858867221
0.579,1.0327640002503,5.9277640002503
0.58,-1.65696404746397,3.24303595253603
0.581,-1.12678361256433,3.77821638743567
0.582,-1.61659517693632,3.29340482306368
0.583,-1.48634818510173,3.42865181489827
0.584,1.77716922851078,6.69716922851078
0.585,0.210656981348761,5.13565698134876
0.586,1.3428891359149,6.2728891359149
0.587,0.455232007010607,5.39023200701061
0.588,-0.237348059703252,4.70265194029675
0.589,0.102603630827966,5.04760363082797
0.59,0.823990367420099,5.7739903674201
0.591,-0.425937035422723,4.52906296457728
0.592,-0.425388820961981,4.53461117903802
0.593,-0.146001639103028,4.81899836089697
0.594,-0.0890302110688097,4.88096978893119
0.595,0.408102163227595,5.38310216322759
0.596,0.435749533159856,5.41574953315986
0.597,-0.357643510083842,4.62735648991616
0.598,0.335228821521719,5.32522882152172
0.599,1.53845858231946,6.53345858231946
0.6,0.675629553152912,5.67562955315291
0.601,0.540827363279841,5.54582736327984
0.602,-0.307145937277743,4.70285406272226
0.603,0.957699355066695,5.97269935506669
0.604,1.26965236650708,6.28965236650708
0.605,-1.66455384461093,3.36044615538908
0.606,-0.762960516551177,4.26703948344882
0.607,-0.931733710730967,4.10326628926903
0.608,-2.76938663927391,2.27061336072609
0.609,-0.283768498322539,4.76123150167746
0.61,-0.841479895146772,4.20852010485323
0.611,-1.00112790848429,4.05387209151571
0.612,0.221889497082101,5.2818894970821
0.613,0.568372988629665,5.63337298862966
0.614,0.78140368994115,5.85140368994115
0.615,-0.310875951764939,4.76412404823506
0.616,0.178490553404281,5.25849055340428
0.617,-0.0013616639144872,5.08363833608551
0.618,-0.681316987089278,4.40868301291072
0.619,-0.597681655709992,4.49731834429001
0.62,0.672286605428523,5.77228660542852
0.621,0.911024942613421,6.01602494261342
0.622,0.228114293355573,5.33811429335557
0.623,-0.222658526216913,4.89234147378309
0.624,-0.00902059390635427,5.11097940609365
0.625,-1.36283335075155,3.76216664924845
0.626,1.27854088629794,6.40854088629794
0.627,0.805247931344863,5.94024793134486
0.628,-0.0519205686464425,5.08807943135356
0.629,-0.157496695337639,4.98750330466236
0.63,-0.353946215254798,4.7960537847452
0.631,0.478132496604609,5.63313249660461
0.632,-0.737078564739969,4.42292143526003
0.633,-0.0254665696048618,5.13953343039514
0.634,-0.449266800121407,4.72073319987859
0.635,1.41725829765831,6.59225829765831
0.636,0.725143875829577,5.90514387582958
0.637,-0.449770833297835,4.73522916670217
0.638,-0.664322124475887,4.52567787552411
0.639,-1.34093151509354,3.85406848490646
0.64,0.478217299558856,5.67821729955886
0.641,-0.926656872042352,4.27834312795765
0.642,-1.35967854896496,3.85032145103504
0.643,-1.31674915944004,3.89825084055996
0.644,-0.442610011416016,4.77738998858398
0.645,0.84723092228741,6.07223092228741
0.646,0.188551889271818,5.41855188927182
0.647,0.504692897060272,5.73969289706027
0.648,0.128639396548905,5.3686393965489
0.649,-0.131885216826032,5.11311478317397
0.65,0.00214071928713647,5.25214071928714
0.651,2.2240315355221,7.4790315355221
0.652,-1.10826112899949,4.15173887100051
0.653,-0.736951401546729,4.52804859845327
0.654,0.937414013993148,6.20741401399315
0.655,1.43069734204206,6.70569734204206
0.656,0.0965798481600097,5.37657984816001
0.657,-0.029633742716407,5.25536625728359
0.658,0.208370446918876,5.49837044691888
0.659,0.456856372765037,5.75185637276504
0.66,-0.223536910534983,5.07646308946502
0.661,1.16023698873117,6.46523698873117
0.662,0.561084627390179,5.87108462739018
0.663,-0.796691071461077,4.51830892853892
0.664,-0.0213491207803241,5.29865087921968
0.665,0.869246119361207,6.19424611936121
0.666,-0.0164987007476825,5.31350129925232
0.667,-0.980551192188282,4.35444880781172
0.668,0.416118949545064,5.75611894954506
0.669,2.07914600544824,7.42414600544824
0.67,-0.80440604662309,4.54559395337691
0.671,-0.0160284565432267,5.33897154345677
0.672,0.525214650137475,5.88521465013748
0.673,0.0720471490489885,5.43704714904899
0.674,-1.33646781832868,4.03353218167132
0.675,0.335029815288096,5.7100298152881
0.676,1.10403760427941,6.48403760427941
0.677,-0.152711549135792,5.23228845086421
0.678,0.612238024385091,6.00223802438509
0.679,-1.03127127850839,4.36372872149161
0.68,-0.816185569149327,4.58381443085067
0.681,0.59268733755617,5.99768733755617
0.682,2.0281305953223,7.4381305953223
0.683,-0.361162793099566,5.05383720690043
0.684,0.151051277820518,5.57105127782052
0.685,-0.611559980959096,4.8134400190409
0.686,-1.19928783860046,4.23071216139954
0.687,-1.07790136609897,4.35709863390103
0.688,0.0817004735726139,5.52170047357261
0.689,-0.160378192811487,5.28462180718851
0.69,-1.52699981414,3.92300018586
0.691,0.445953727539621,5.90095372753962
0.692,0.353836278187439,5.81383627818744
0.693,1.05458634332895,6.51958634332895
0.694,0.349691904246151,5.81969190424615
0.695,-1.79120070225192,3.68379929774809
0.696,0.477901729141283,5.95790172914128
0.697,0.437019942774542,5.92201994277454
0.698,1.01194314198594,6.50194314198594
0.699,-0.0549853538640789,5.44001464613592
0.7,-1.31770222629872,4.18229777370128
0.701,-0.421713818445097,5.0832861815549
0.702,0.854335292251058,6.36433529225106
0.703,1.43575662355056,6.95075662355056
0.704,-0.98907069402773,4.53092930597227
0.705,-1.75348951174151,3.77151048825849
0.706,0.894724714521678,6.42472471452168
0.707,-0.253602078805214,5.28139792119479
0.708,-1.36194012286507,4.17805987713493
0.709,0.612419209514231,6.15741920951423
0.71,-0.466038259301595,5.08396174069841
0.711,-2.6461635693086,2.9088364306914
0.712,2.65256425962617,8.21256425962617
0.713,1.43386142151237,6.99886142151237
0.714,0.980488801270509,6.55048880127051
0.715,-0.745387738016327,4.82961226198367
0.716,-0.147817645720171,5.43218235427983
0.717,-0.334626473733501,5.2503735262665
0.718,0.504694174457382,6.09469417445738
0.719,-0.801647733082476,4.79335226691752
0.72,1.93169020511223,7.53169020511223
0.721,-0.77025266505003,4.83474733494997
0.722,1.13810390990431,6.74810390990431
0.723,0.208554669265925,5.82355466926593
0.724,-2.33899141803759,3.28100858196241
0.725,1.11942288305373,6.74442288305373
0.726,-0.238863431351046,5.39113656864895
0.727,2.10464311633537,7.73964311633537
0.728,-0.501463581576241,5.13853641842376
0.729,-0.0458469528417984,5.5991530471582
0.73,0.787537329970973,6.43753732997097
0.731,1.57638012638687,7.23138012638687
0.732,-2.17880825368472,3.48119174631528
0.733,0.429787242309266,6.09478724230927
0.734,1.01691460773479,6.68691460773479
0.735,-0.87950174950794,4.79549825049206
0.736,0.065636892404169,5.74563689240417
0.737,1.74341786762593,7.42841786762593
0.738,0.861717752167802,6.5517177521678
0.739,0.0174795628998392,5.71247956289984
0.74,1.96714020120009,7.66714020120009
0.741,-0.156866748401595,5.54813325159841
0.742,0.155532621762135,5.86553262176214
0.743,2.46278789014817,8.17778789014817
0.744,-1.59370152206312,4.12629847793688
0.745,0.175123839712501,5.9001238397125
0.746,1.22252809604261,6.95252809604261
0.747,-1.56702598157886,4.16797401842113
0.748,0.904934294412333,6.64493429441233
0.749,-0.0632203526263631,5.68177964737364
0.75,-0.923121590908159,4.82687840909184
0.751,0.172807822342075,5.92780782234207
0.752,-0.345877401651237,5.41412259834876
0.753,-1.93289696223777,3.83210303776223
0.754,0.349099730112769,6.11909973011277
0.755,-0.835392028221394,4.93960797177861
0.756,1.98879749492359,7.76879749492359
0.757,-0.129656469796452,5.65534353020355
0.758,-1.00045865824939,4.78954134175061
0.759,-1.08628773872894,4.70871226127106
0.76,2.59154253426792,8.39154253426791
0.761,-1.78235907039563,4.02264092960437
0.762,-1.74316209556212,4.06683790443788
0.763,0.308431541722558,6.12343154172256
0.764,-0.978087895614487,4.84191210438551
0.765,-1.62481782803984,4.20018217196016
0.766,1.23130246311802,7.06130246311802
0.767,1.52262599529061,7.35762599529061
0.768,1.05501537102663,6.89501537102663
0.769,-1.10493786408763,4.74006213591238
0.77,-0.0398728748727876,5.81012712512721
0.771,1.09037698444698,6.94537698444698
0.772,0.394756281347502,6.2547562813475
0.773,-0.756029229012542,5.10897077098746
0.774,0.643372820426223,6.51337282042622
0.775,-1.83438225709136,4.04061774290864
0.776,-1.90923073323139,3.97076926676861
0.777,-0.161593565045384,5.72340643495462
0.778,0.849353537125984,6.73935353712598
0.779,-0.14576754152292,5.74923245847708
0.78,1.11580595416216,7.01580595416216
0.781,2.60049241626871,8.50549241626871
0.782,-0.903028206926262,5.00697179307374
0.783,-0.233178318325357,5.68182168167464
0.784,0.641842425210799,6.5618424252108
0.785,1.44729980378073,7.37229980378073
0.786,0.654212275690664,6.58421227569066
0.787,0.91503957319821,6.85003957319821
0.788,-1.49175197057078,4.44824802942922
0.789,-1.13509260408097,4.80990739591903
0.79,1.48527806591525,7.43527806591525
0.791,1.05145642790024,7.00645642790024
0.792,-0.287850182726788,5.67214981727321
0.793,-0.927211213207605,5.03778878679239
0.794,-0.000735728677456217,5.96926427132254
0.795,1.73533427902583,7.71033427902583
0.796,0.470963478485181,6.45096347848518
0.797,0.0211498377147616,6.00614983771476
0.798,-1.86548389141929,4.12451610858071
0.799,0.263496205292255,6.25849620529225
0.8,0.0485700845718439,6.04857008457184
0.801,0.385091647150131,6.39009164715013
0.802,0.867759759114488,6.87775975911449
0.803,1.45502839992592,7.47002839992592
0.804,0.906039222024489,6.92603922202449
0.805,-1.22868374520451,4.79631625479549
0.806,0.280703257245727,6.31070325724573
0.807,-0.139505685450169,5.89549431454983
0.808,-0.407993018898531,5.63200698110147
0.809,-0.874611044419776,5.17038895558022
0.81,-0.0277433032923644,6.02225669670764
0.811,0.438322208469697,6.4933222084697
0.812,0.892418471689386,6.95241847168939
0.813,-0.532605038291924,5.53239496170808
0.814,0.560999235402806,6.63099923540281
0.815,-1.20121072248976,4.87378927751024
0.816,-0.305540766932804,5.7744592330672
0.817,-0.482154943059496,5.6028450569405
0.818,0.345316306370487,6.43531630637049
0.819,-0.67567645317952,5.41932354682048
0.82,-1.27995777483486,4.82004222516514
0.821,1.12558490113268,7.23058490113269
0.822,-0.733860123132582,5.37613987686742
0.823,-0.0781210451283197,6.03687895487168
0.824,-0.381203060712108,5.73879693928789
0.825,0.246463285502551,6.37146328550255
0.826,-1.54320405702312,4.58679594297688
0.827,0.337655157590974,6.47265515759097
0.828,0.850521909502881,6.99052190950288
0.829,0.746128574077282,6.89112857407728
0.83,1.51569708448854,7.66569708448854
0.831,-0.853587210291949,5.30141278970805
0.832,-1.09966429870855,5.06033570129145
0.833,-0.822891936886002,5.342108063114
0.834,-0.409025913885205,5.76097408611479
0.835,-1.47761849076527,4.69738150923473
0.836,0.101482039979539,6.28148203997954
0.837,-0.16101771613639,6.02398228386361
0.838,2.1447204147311,8.3347204147311
0.839,-0.198554853189787,5.99644514681021
0.84,-0.283389357371986,5.91661064262801
0.841,1.50943771114715,7.71443771114715
0.842,-0.501218779901641,5.70878122009836
0.843,-1.22264648100954,4.99235351899046
0.844,1.45417075324204,7.67417075324204
0.845,0.0439787743365535,6.26897877433655
0.846,0.598599970779119,6.82859997077912
0.847,-0.56980017742705,5.66519982257295
0.848,-1.90295971577898,4.33704028422102
0.849,0.463371816993772,6.70837181699377
0.85,0.915927020091199,7.1659270200912
0.851,0.209542557199375,6.46454255719937
0.852,0.408725891607429,6.66872589160743
0.853,1.44348384103464,7.70848384103464
0.854,0.240772695331949,6.51077269533195
0.855,1.21265088466815,7.48765088466815
0.856,-0.0118383806118635,6.26816161938814
0.857,0.0849619791924398,6.36996197919244
0.858,0.384569026838559,6.67456902683856
0.859,0.668962540537229,6.96396254053723
0.86,0.675549679425046,6.97554967942505
0.861,-0.22334197023773,6.08165802976227
0.862,0.305925682741759,6.61592568274176
0.863,1.12235780050157,7.43735780050157
0.864,1.49850484838444,7.81850484838444
0.865,-0.18366444551383,6.14133555448617
0.866,0.545541844580701,6.8755418445807
0.867,1.30715910878519,7.64215910878519
0.868,-0.230690335262985,6.10930966473701
0.869,-0.125356340550109,6.21964365944989
0.87,-0.982292392096217,5.36770760790378
0.871,-0.0907567741919788,6.26424322580802
0.872,1.07296292645212,7.43296292645212
0.873,1.65419885259599,8.01919885259599
0.874,-0.0123502838980417,6.35764971610196
0.875,0.368576537579201,6.7435765375792
0.876,1.08320377713762,7.46320377713762
0.877,-0.199847306479159,6.18515269352084
0.878,-0.345175908164804,6.0448240918352
0.879,-1.24530420752229,5.14969579247771
0.88,-0.242564038679506,6.15743596132049
0.881,-0.286679385704118,6.11832061429588
0.882,-1.12292440825636,5.28707559174364
0.883,-0.661941122360361,5.75305887763964
0.884,0.931294784083119,7.35129478408312
0.885,2.18634583700793,8.61134583700793
0.886,0.688924516853876,7.11892451685388
0.887,1.95344966725088,8.38844966725088
0.888,-1.18264552635884,5.25735447364116
0.889,-2.69586967222431,3.74913032777569
0.89,-2.02873951314756,4.42126048685244
0.891,1.02458787372679,7.47958787372679
0.892,-1.08953778575701,5.37046221424299
0.893,2.19967540472251,8.66467540472251
0.894,-0.575442818407336,5.89455718159266
0.895,-0.467535282797653,6.00746471720235
0.896,0.333987969504502,6.8139879695045
0.897,0.665837063561029,7.15083706356103
0.898,-2.00813451071425,4.48186548928575
0.899,0.519101946384602,7.0141019463846
0.9,1.1031337550878,7.6031337550878
0.901,-0.195750632216491,6.30924936778351
0.902,1.03258978111928,7.54258978111928
0.903,1.40528498666097,7.92028498666097
0.904,-0.900874869205858,5.61912513079414
0.905,-0.876184608482934,5.64881539151707
0.906,-1.88616889323779,4.64383110676221
0.907,1.62626347442466,8.16126347442466
0.908,-1.19235508221261,5.34764491778739
0.909,0.653493030496854,7.19849303049685
0.91,0.058876467735583,6.60887646773558
0.911,0.193863205159674,6.74886320515967
0.912,0.787109877711005,7.34710987771101
0.913,-0.974034526619366,5.59096547338063
0.914,0.949284892507631,7.51928489250763
0.915,-0.154916649304553,6.42008335069545
0.916,-0.258350336550018,6.32164966344998
0.917,1.7075363688139,8.2925363688139
0.918,0.741620566851534,7.33162056685153
0.919,-1.53966766942354,5.05533233057646
0.92,-0.248110297438111,6.35188970256189
0.921,-0.660502772743712,5.94449722725629
0.922,0.787346641502083,7.39734664150208
0.923,-0.29129470574448,6.32370529425552
0.924,0.903413982387646,7.52341398238765
0.925,1.01690709445743,7.64190709445743
0.926,0.485405730484837,7.11540573048484
0.927,0.283733039373209,6.91873303937321
0.928,0.731422235429797,7.3714222354298
0.929,0.53366373010217,7.17866373010217
0.93,-0.0589483653672326,6.59105163463277
0.931,-0.462410848077931,6.19258915192207
0.932,0.275060901954244,6.93506090195424
0.933,-0.087594304268177,6.57740569573182
0.934,0.0281553829578039,6.6981553829578
0.935,0.528919436991642,7.20391943699164
0.936,0.854294792901184,7.53429479290118
0.937,-0.718145719400055,5.96685428059995
0.938,-1.41430918580548,5.27569081419452
0.939,0.21290417736171,6.90790417736171
0.94,-1.57081833686511,5.12918166313489
0.941,1.4755350680951,8.1805350680951
0.942,-0.758108033362796,5.9518919666372
0.943,0.987266757453064,7.70226675745306
0.944,1.0193130721485,7.7393130721485
0.945,0.91619107535748,7.64119107535748
0.946,2.03896906125217,8.76896906125217
0.947,-0.665621532196399,6.0693784678036
0.948,3.05890349175285,9.79890349175285
0.949,0.735260675542407,7.48026067554241
0.95,-0.175994477311447,6.57400552268855
0.951,2.30377743564411,9.05877743564411
0.952,0.489885586450907,7.24988558645091
0.953,-0.0194556820793206,6.74554431792068
0.954,-0.413286078354452,6.35671392164555
0.955,1.01144706314965,7.78644706314965
0.956,0.874772954779732,7.65477295477973
0.957,-1.14274454081819,5.64225545918181
0.958,1.00024150481958,7.79024150481958
0.959,-0.991199433279063,5.80380056672094
0.96,-0.750648212058606,6.04935178794139
0.961,0.762110383054506,7.56711038305451
0.962,0.321893359892875,7.13189335989287
0.963,-0.376607832948334,6.43839216705167
0.964,-1.3350877853844,5.4849122146156
0.965,1.44631726599075,8.27131726599075
0.966,-0.142277624646487,6.68772237535351
0.967,-0.994659810600253,5.84034018939975
0.968,-0.24656676404234,6.59343323595766
0.969,0.0602041801154953,6.9052041801155
0.97,-0.267703710850508,6.58229628914949
0.971,0.704382022927955,7.55938202292795
0.972,-0.653564511018118,6.20643548898188
0.973,0.121291255810095,6.9862912558101
0.974,-0.920135724830669,5.94986427516933
0.975,0.0808083071899978,6.95580830719
0.976,0.810449787212848,7.69044978721285
0.977,-1.04871173789164,5.83628826210836
0.978,-0.194024106896818,6.69597589310318
0.979,-0.228886144387447,6.66611385561255
0.98,0.309831983727589,7.20983198372759
0.981,1.31827924794371,8.22327924794371
0.982,-0.666939099846397,6.2430609001536
0.983,-0.194285792642484,6.72071420735752
0.984,-1.29606904403656,5.62393095596344
0.985,-1.53048520938712,5.39451479061288
0.986,0.757653785705434,7.68765378570543
0.987,0.504678531511552,7.43967853151155
0.988,-0.64219488700225,6.29780511299775
0.989,0.603332314525574,7.54833231452557
0.99,-0.170027339085704,6.7799726609143
0.991,1.70022588506975,8.65522588506975
0.992,-1.07199299910941,5.88800700089059
0.993,-0.0538439430419068,6.91115605695809
0.994,0.771129333972744,7.74112933397274
0.995,1.30195471830037,8.27695471830037
0.996,-1.61021173948641,5.36978826051359
0.997,0.796060382016574,7.78106038201657
0.998,2.32389377977474,9.31389377977474
0.999,-2.68057084820439,4.31442915179561
1,-0.314774778841878,6.68522522115812
